id,expiration_date,created_date,transaction_date
1,2024-09-04 23:24:39,2019-01-21 10:50:10,2021-11-12 20:00:10
2,2021-07-28 03:12:08,2017-10-05 10:13:57,2021-08-03 12:30:10
3,2023-07-20 23:00:32,2017-05-25 02:09:26,2021-10-26 18:58:44
4,2022-01-01 12:03:44,2017-08-08 14:20:31,2021-08-07 21:41:27
5,2024-04-28 19:39:29,2018-03-08 01:09:04,2022-02-27 06:59:08
6,2025-02-08 05:10:51,2017-09-20 02:34:50,2021-12-17 10:39:47
7,2025-03-13 08:23:44,2018-04-27 04:19:17,2021-12-08 17:06:44
8,2023-11-10 00:52:50,2017-11-23 17:42:44,2021-12-12 08:49:04
9,2023-12-25 02:39:36,2017-09-24 17:48:58,2021-06-24 11:24:09
10,2021-12-02 07:12:13,2017-12-10 02:59:49,2021-12-25 01:54:30
11,2022-08-20 05:38:06,2018-07-07 17:56:51,2021-04-08 18:56:26
12,2024-05-24 13:25:46,2018-07-02 04:04:24,2021-04-19 11:59:37
13,2019-03-30 05:25:34,2017-04-21 19:21:54,2022-01-12 20:24:14
14,2021-08-23 06:43:44,2017-06-05 00:34:29,2021-11-20 16:05:26
15,2019-12-08 19:46:44,2018-03-21 10:01:45,2021-07-26 08:05:58
16,2024-05-03 09:34:07,2018-08-30 22:09:57,2021-08-30 10:23:32
17,2023-12-13 23:28:55,2017-11-09 01:45:59,2022-03-09 21:02:20
18,2019-08-23 05:28:05,2017-05-01 12:28:42,2021-05-19 10:59:22
19,2021-01-08 05:25:01,2017-05-29 19:31:35,2022-01-20 13:42:32
20,2019-07-15 18:06:22,2017-04-10 09:18:28,2021-07-11 19:57:37
21,2023-04-02 11:45:47,2018-06-27 00:43:01,2021-09-20 00:42:29
22,2020-01-31 02:36:57,2018-07-04 14:06:27,2021-12-01 22:15:19
23,2025-02-24 22:05:14,2018-04-05 01:30:24,2021-04-06 12:08:13
24,2024-05-27 17:57:31,2017-05-13 01:12:04,2021-08-12 17:02:14
25,2019-06-10 19:32:34,2018-01-15 08:49:53,2021-04-26 14:07:37
26,2024-08-26 13:49:44,2018-09-24 18:24:45,2021-08-15 13:13:51
27,2021-07-18 20:19:16,2018-08-24 14:00:15,2021-08-30 17:37:30
28,2022-01-30 06:21:56,2017-10-28 23:56:31,2021-07-20 07:33:15
29,2021-02-03 17:45:18,2017-10-11 18:34:01,2021-05-30 02:47:23
30,2020-04-04 10:35:51,2017-07-08 00:07:08,2021-05-26 23:50:27
31,2025-01-21 22:29:39,2018-05-05 20:15:22,2021-12-06 03:09:41
32,2021-02-27 21:21:06,2018-05-03 11:20:07,2021-11-12 08:30:41
33,2023-01-14 08:47:43,2018-04-28 09:31:34,2021-04-27 02:19:37
34,2022-11-23 20:48:09,2019-01-31 01:40:43,2021-04-18 14:57:49
35,2023-06-23 21:12:15,2018-09-13 04:31:05,2022-01-23 19:47:31
36,2022-11-01 03:38:50,2018-03-09 02:00:57,2021-05-12 14:55:11
37,2019-04-27 04:03:01,2018-12-06 13:16:49,2021-04-20 02:22:30
38,2022-09-23 21:54:12,2018-03-28 14:27:24,2021-12-31 00:01:37
39,2021-01-07 00:42:28,2019-02-01 18:40:59,2021-11-02 13:22:16
40,2019-10-17 18:20:05,2018-07-01 16:36:16,2021-09-09 16:05:42
41,2021-09-02 10:49:51,2017-06-09 06:52:53,2021-06-08 08:38:59
42,2020-06-22 20:45:59,2018-01-04 19:26:17,2021-12-14 19:21:08
43,2022-05-12 14:41:34,2019-03-05 08:42:03,2021-11-12 12:56:42
44,2024-03-16 16:38:07,2019-01-19 16:43:39,2021-08-02 23:59:00
45,2021-09-26 00:37:02,2018-02-23 03:34:45,2021-11-14 10:44:42
46,2023-04-21 04:04:37,2017-08-13 13:44:34,2021-08-05 01:42:07
47,2021-04-11 07:26:16,2017-03-29 12:27:26,2022-01-11 17:29:00
48,2022-11-15 19:25:09,2019-03-05 02:54:05,2021-08-25 21:01:54
49,2024-05-28 00:21:13,2019-02-10 01:12:36,2022-02-09 08:53:39
50,2021-07-19 03:07:31,2018-01-15 03:13:12,2021-03-21 04:20:25
51,2022-03-25 03:29:01,2017-12-30 15:07:00,2021-03-19 23:51:09
52,2023-04-07 19:57:17,2018-06-22 02:18:46,2021-07-09 10:44:15
53,2021-06-23 17:21:05,2018-12-12 14:22:15,2021-12-23 15:58:10
54,2021-06-16 22:55:45,2017-10-26 15:08:25,2022-03-12 07:01:19
55,2021-12-03 00:22:29,2019-02-15 00:06:16,2022-02-16 19:59:47
56,2021-10-18 23:53:59,2017-03-31 10:39:17,2021-12-08 04:08:02
57,2024-06-08 05:18:08,2018-08-19 21:36:17,2021-11-14 16:52:14
58,2021-12-31 21:35:03,2018-10-01 23:26:05,2021-11-22 05:36:57
59,2019-10-03 15:11:10,2017-10-11 09:15:57,2021-10-31 18:03:39
60,2020-10-30 16:44:46,2017-09-23 06:45:34,2021-06-05 08:59:54
61,2019-11-01 22:10:42,2019-01-15 02:30:50,2021-11-13 06:34:38
62,2020-10-08 00:58:31,2017-07-19 13:18:06,2021-10-27 15:01:42
63,2019-04-10 01:16:44,2018-03-17 05:39:51,2021-11-17 18:15:15
64,2022-04-21 20:03:59,2017-05-16 01:48:06,2021-04-03 19:43:02
65,2021-11-29 22:02:22,2017-10-15 01:07:24,2021-11-02 23:07:34
66,2025-03-10 16:02:56,2017-06-16 21:25:10,2021-11-18 18:10:03
67,2024-08-02 23:58:08,2018-06-18 03:44:28,2021-10-23 12:30:31
68,2022-01-14 15:42:00,2017-12-29 08:40:47,2021-10-24 11:22:21
69,2020-11-30 06:55:23,2017-03-29 02:04:11,2022-02-23 17:44:13
70,2023-12-04 07:47:58,2017-11-15 21:22:23,2021-04-03 03:51:42
71,2020-04-02 20:35:17,2018-08-01 04:07:00,2021-12-06 12:00:13
72,2025-01-29 06:10:04,2018-03-23 12:32:45,2022-01-24 08:23:19
73,2021-06-06 17:56:20,2018-02-22 13:40:52,2022-03-16 01:15:01
74,2020-08-23 23:32:23,2018-09-25 07:29:02,2022-01-02 01:29:10
75,2023-12-04 12:39:26,2018-05-09 03:54:25,2021-10-16 11:55:18
76,2022-11-15 01:17:05,2017-08-17 16:45:47,2022-01-04 13:14:08
77,2020-05-31 22:37:30,2018-06-18 01:11:01,2021-04-17 11:48:56
78,2019-05-17 08:47:19,2018-07-30 13:10:31,2021-07-19 01:40:14
79,2024-10-09 00:49:59,2017-12-07 18:07:02,2021-12-15 20:20:10
80,2020-02-11 19:15:32,2018-07-21 09:12:42,2022-01-31 19:55:40
81,2023-06-30 03:19:38,2018-05-25 14:40:45,2021-09-14 07:14:07
82,2022-08-31 10:47:27,2017-06-01 00:43:52,2021-08-10 19:25:53
83,2021-01-20 14:49:42,2018-07-15 08:21:59,2021-09-06 06:02:32
84,2021-02-20 18:28:08,2017-05-06 04:07:52,2021-04-03 09:46:58
85,2022-04-01 09:47:01,2017-07-02 12:34:31,2021-05-02 03:44:26
86,2023-08-21 11:59:14,2017-09-27 17:55:42,2021-11-09 20:15:09
87,2019-05-01 20:17:10,2018-04-12 15:51:50,2021-05-07 23:12:32
88,2024-04-05 02:26:47,2017-08-25 14:12:57,2021-08-02 19:02:22
89,2020-05-19 19:33:04,2018-04-24 18:29:29,2021-08-05 11:19:21
90,2022-11-21 09:18:50,2019-02-14 15:04:06,2021-06-22 04:30:38
91,2022-04-09 23:08:02,2017-07-21 07:33:50,2021-03-25 21:51:36
92,2019-08-31 20:02:59,2017-11-30 00:03:51,2021-09-10 16:51:04
93,2019-06-12 04:48:26,2018-04-21 14:12:34,2021-10-05 23:16:54
94,2023-11-06 08:05:19,2017-07-09 14:24:25,2021-04-20 20:53:11
95,2020-08-15 21:12:28,2018-12-24 20:52:22,2021-09-24 22:52:57
96,2020-01-19 10:35:58,2018-05-08 05:35:59,2022-01-10 15:01:59
97,2020-07-05 00:44:26,2017-12-10 20:43:13,2021-04-16 10:32:55
98,2023-03-09 20:33:08,2018-05-17 21:37:23,2021-11-24 01:48:21
99,2021-10-23 17:09:57,2017-09-27 08:13:48,2021-07-11 06:32:44
100,2019-10-29 09:30:23,2019-01-16 23:18:51,2021-09-16 01:04:02
101,2020-09-28 08:01:51,2017-10-30 22:18:15,2021-07-31 20:19:41
102,2024-03-04 03:46:09,2019-03-13 03:15:30,2022-03-16 17:55:23
103,2021-10-02 07:09:38,2019-03-07 00:30:39,2021-11-26 17:15:51
104,2021-11-02 22:46:08,2018-11-09 10:41:42,2022-02-23 04:13:39
105,2024-11-29 05:37:25,2018-01-16 22:48:08,2021-12-04 15:31:23
106,2022-04-12 16:07:56,2017-12-22 01:28:48,2021-11-25 19:37:44
107,2023-10-11 14:06:59,2017-04-07 20:05:25,2021-07-21 02:46:46
108,2019-04-13 12:45:27,2018-12-08 05:27:16,2021-06-02 03:03:13
109,2022-08-02 04:03:51,2018-02-22 01:42:07,2022-03-12 19:24:08
110,2024-11-14 16:09:07,2018-01-30 14:50:31,2022-01-14 08:28:44
111,2024-10-22 23:43:52,2017-06-26 15:43:51,2021-08-23 00:14:57
112,2025-03-07 18:07:34,2017-05-08 18:12:51,2021-07-23 20:59:49
113,2024-12-15 23:14:46,2018-04-06 00:15:48,2022-01-19 23:18:41
114,2023-11-30 09:01:48,2018-05-13 03:23:48,2021-10-31 13:25:03
115,2020-07-30 13:05:42,2017-04-13 12:38:50,2021-09-12 13:34:06
116,2022-11-20 04:15:13,2019-02-19 09:04:26,2021-10-22 15:53:10
117,2020-01-18 02:00:35,2017-10-11 09:21:47,2021-10-20 23:31:42
118,2022-03-07 19:32:40,2018-06-28 17:21:14,2021-07-30 11:06:11
119,2021-02-17 05:04:31,2018-10-16 13:52:09,2022-02-22 21:01:30
120,2022-12-26 13:39:37,2018-08-17 07:07:45,2021-10-30 18:54:14
121,2020-12-05 10:42:41,2017-08-17 20:28:47,2021-11-23 07:19:35
122,2020-01-28 22:17:35,2017-06-14 11:35:02,2021-04-09 13:48:00
123,2024-01-20 07:39:33,2017-06-18 16:42:40,2021-08-03 07:04:42
124,2024-04-10 04:29:08,2017-09-19 11:35:27,2021-12-28 03:14:32
125,2020-08-27 01:11:11,2017-05-20 15:05:35,2022-01-23 10:55:14
126,2024-03-17 18:11:52,2018-04-09 19:58:34,2022-02-18 17:08:34
127,2025-02-27 16:38:36,2017-04-21 09:48:16,2021-07-12 11:32:35
128,2023-06-27 00:08:47,2017-05-31 21:29:45,2022-01-08 06:28:42
129,2022-06-14 19:11:37,2018-08-03 12:36:04,2021-12-04 05:00:55
130,2021-12-09 00:08:29,2018-06-17 21:30:26,2022-02-12 16:05:06
131,2022-03-14 05:13:54,2018-10-17 04:23:04,2021-06-22 13:03:43
132,2024-01-31 18:00:44,2017-10-11 18:44:57,2021-09-18 00:13:07
133,2022-08-24 23:28:35,2017-06-23 00:32:55,2021-09-21 15:49:33
134,2024-06-07 05:19:44,2018-01-04 17:51:47,2021-10-28 04:29:07
135,2023-02-17 11:59:05,2018-08-30 16:09:59,2021-06-27 02:12:04
136,2021-06-22 20:30:47,2018-01-19 15:39:54,2021-06-24 13:29:05
137,2020-09-10 03:03:13,2018-12-12 23:27:47,2021-04-25 02:04:23
138,2020-05-27 20:15:52,2017-12-14 20:28:36,2021-04-06 12:31:23
139,2024-05-10 01:18:28,2018-08-24 20:45:17,2021-06-06 10:34:37
140,2020-05-27 15:01:45,2019-02-28 01:41:08,2021-08-16 07:48:48
141,2024-06-24 23:39:48,2018-03-14 07:59:57,2021-04-01 10:45:49
142,2021-10-30 13:13:32,2018-08-29 17:35:06,2021-12-04 22:11:57
143,2022-05-04 11:10:32,2017-06-07 05:03:50,2022-01-12 07:55:50
144,2023-11-07 02:05:42,2018-04-23 08:24:42,2021-07-12 19:30:07
145,2021-05-28 11:17:01,2019-02-26 09:43:37,2021-08-21 11:59:50
146,2020-07-25 22:51:30,2017-11-12 02:00:05,2021-04-02 08:38:08
147,2020-10-27 06:06:06,2018-08-09 05:43:50,2021-04-16 03:09:35
148,2025-02-08 19:30:03,2018-07-31 15:20:32,2021-11-26 14:23:42
149,2020-03-11 05:33:30,2019-02-13 19:17:03,2022-03-02 11:00:35
150,2021-08-03 09:05:08,2018-02-18 11:07:04,2021-08-27 08:11:47
151,2021-08-28 02:26:44,2017-10-21 18:23:45,2021-08-02 13:50:29
152,2022-02-22 11:59:29,2018-10-23 14:03:57,2021-04-17 17:58:45
153,2023-02-11 02:08:15,2018-01-14 06:42:26,2022-03-12 08:27:13
154,2023-09-23 18:30:53,2017-05-05 06:48:18,2021-12-27 04:59:18
155,2019-09-15 07:04:12,2017-07-16 22:56:04,2021-05-04 18:16:57
156,2019-04-03 23:15:23,2018-10-23 13:44:42,2021-06-03 02:00:19
157,2024-12-07 19:31:50,2017-06-16 20:48:07,2022-01-28 18:06:25
158,2021-09-30 09:49:21,2017-08-04 11:58:15,2021-04-04 09:55:25
159,2019-07-07 12:19:36,2019-03-11 10:10:22,2021-07-12 06:17:29
160,2022-09-11 01:37:32,2018-04-15 05:55:31,2021-04-05 13:44:53
161,2020-09-26 03:19:23,2019-01-13 05:56:59,2021-04-01 01:46:52
162,2021-01-29 21:55:13,2018-03-16 08:37:00,2022-01-15 11:19:25
163,2021-04-05 15:52:27,2017-05-20 03:11:26,2021-09-02 13:39:39
164,2025-01-14 06:27:52,2017-06-03 21:00:08,2022-01-23 06:25:58
165,2023-12-14 17:27:28,2018-12-12 17:30:16,2022-01-15 18:52:06
166,2022-04-09 22:09:38,2017-04-25 12:35:58,2021-08-25 20:18:36
167,2025-01-25 22:47:04,2017-10-01 05:10:41,2021-04-26 14:30:03
168,2020-04-26 13:51:24,2019-03-21 15:47:31,2021-07-05 18:04:24
169,2021-07-19 15:20:59,2018-02-11 00:34:56,2021-06-16 07:14:22
170,2021-03-12 22:37:56,2018-09-16 13:39:41,2021-12-02 09:30:58
171,2022-06-14 01:22:46,2018-06-30 02:51:30,2021-12-26 05:38:15
172,2020-01-09 19:18:07,2018-02-09 11:48:19,2021-07-02 20:48:29
173,2019-10-12 22:53:36,2018-02-05 22:57:17,2021-04-01 03:55:13
174,2024-02-09 05:51:37,2017-04-06 19:34:36,2021-07-14 09:55:56
175,2021-09-01 01:27:51,2017-09-04 12:20:22,2021-12-10 04:17:27
176,2020-04-15 18:09:27,2019-01-02 15:07:11,2021-04-13 07:08:26
177,2024-02-28 04:47:06,2019-02-09 19:19:26,2021-06-23 18:46:25
178,2020-01-30 05:04:26,2017-08-13 11:44:41,2021-09-15 15:53:26
179,2020-05-18 23:36:44,2017-04-15 06:38:35,2021-07-10 12:36:59
180,2022-07-10 15:48:53,2018-08-14 02:26:53,2022-02-02 13:50:20
181,2019-07-24 08:38:40,2017-07-30 12:47:54,2022-02-10 23:21:37
182,2021-12-06 06:27:24,2017-03-17 17:05:39,2021-09-27 20:57:21
183,2023-02-12 21:16:59,2017-05-22 05:35:55,2021-07-24 02:18:54
184,2023-05-14 10:11:32,2017-07-17 17:16:28,2021-10-26 05:51:09
185,2024-03-30 10:48:23,2018-05-08 02:39:56,2022-01-09 14:42:18
186,2023-02-13 21:41:10,2017-12-11 05:12:17,2021-09-02 17:10:41
187,2024-10-08 08:41:46,2018-10-17 16:34:55,2021-07-21 02:55:39
188,2024-02-02 04:16:27,2017-10-15 12:20:34,2022-01-03 15:34:34
189,2020-06-19 12:43:11,2017-10-19 11:45:53,2022-01-04 06:42:10
190,2021-05-07 20:19:12,2017-11-12 02:38:17,2021-10-22 12:50:24
191,2020-03-01 02:03:36,2018-10-16 01:52:15,2021-11-24 01:21:26
192,2020-09-08 17:44:15,2018-03-21 09:53:38,2021-06-14 15:05:16
193,2019-04-19 09:11:37,2018-11-09 00:21:24,2021-03-25 19:48:54
194,2023-08-26 05:43:48,2018-10-16 19:24:18,2021-08-09 04:22:49
195,2021-01-19 09:31:28,2018-11-11 13:31:49,2022-02-25 01:31:18
196,2019-11-16 14:10:49,2017-10-25 03:58:29,2021-07-01 19:53:34
197,2024-09-25 08:13:08,2017-08-17 20:12:17,2021-11-10 11:25:47
198,2019-08-20 16:06:42,2017-10-24 19:27:00,2021-06-13 03:27:37
199,2023-11-25 06:39:22,2018-08-22 15:47:24,2021-11-14 01:05:28
200,2023-09-08 13:37:12,2019-02-22 15:16:04,2021-09-03 08:45:50
201,2020-09-14 03:45:38,2018-08-01 13:34:45,2022-01-10 20:09:46
202,2023-05-23 23:33:28,2018-06-07 11:16:06,2021-12-10 09:00:46
203,2021-08-31 08:27:38,2019-03-11 21:25:05,2022-01-15 10:46:55
204,2019-11-04 21:27:35,2017-07-18 03:16:37,2022-03-13 23:24:20
205,2021-04-04 19:37:21,2018-09-02 04:59:50,2021-03-18 12:59:03
206,2024-07-03 14:43:49,2018-05-30 18:40:55,2021-07-10 16:54:48
207,2023-07-24 17:30:02,2017-08-26 17:36:02,2022-03-03 18:46:59
208,2024-11-22 16:52:34,2018-12-26 11:27:52,2021-11-11 12:24:12
209,2023-12-27 00:24:01,2017-10-26 04:23:20,2021-09-12 05:51:22
210,2021-11-30 13:01:08,2018-09-10 02:01:01,2021-06-06 21:02:49
211,2022-09-09 14:17:27,2017-10-25 10:07:26,2021-05-31 16:12:57
212,2021-08-04 20:17:14,2018-11-20 23:40:59,2021-10-11 15:33:24
213,2020-06-29 03:56:40,2017-09-21 15:14:59,2022-02-19 10:04:36
214,2019-03-23 06:35:23,2018-05-15 06:04:02,2021-07-25 20:23:01
215,2021-10-13 18:02:59,2017-08-30 00:42:35,2021-04-14 09:51:15
216,2024-06-04 15:32:54,2017-10-25 23:31:15,2021-09-04 23:51:46
217,2023-05-07 00:25:30,2017-10-24 21:37:59,2021-09-13 22:07:11
218,2023-11-21 02:21:03,2017-08-24 17:43:38,2021-03-18 17:40:45
219,2021-10-08 15:53:12,2018-02-09 13:01:32,2021-12-01 18:08:24
220,2022-12-17 19:02:20,2017-06-14 03:17:16,2021-09-14 03:36:01
221,2020-10-12 00:43:25,2018-03-02 22:56:36,2021-08-14 07:22:05
222,2025-01-20 06:06:51,2018-01-15 04:53:01,2021-08-11 12:01:42
223,2025-02-23 19:59:27,2017-08-03 22:30:50,2021-08-18 11:48:44
224,2021-05-16 14:06:26,2018-06-25 11:14:37,2021-10-22 19:00:54
225,2023-10-24 13:25:09,2017-05-02 14:01:54,2022-03-12 10:39:10
226,2019-04-25 18:36:30,2018-05-17 03:14:48,2021-04-09 23:54:36
227,2020-11-26 23:02:03,2018-11-17 21:28:15,2022-03-06 12:52:13
228,2021-08-08 11:33:49,2018-10-22 03:52:24,2022-01-16 04:21:15
229,2021-06-13 10:01:08,2017-05-14 23:17:12,2021-03-30 16:55:15
230,2023-12-16 17:00:57,2017-09-24 12:07:39,2021-10-15 20:01:37
231,2021-01-26 16:59:58,2017-06-02 18:50:40,2021-03-22 13:40:21
232,2019-11-28 09:49:12,2018-07-23 06:30:45,2021-10-25 16:06:12
233,2022-02-16 21:26:44,2017-07-30 11:24:01,2021-11-16 10:23:04
234,2021-09-16 19:07:17,2018-11-25 02:47:24,2021-11-07 05:50:23
235,2022-02-24 11:59:15,2018-02-21 20:25:02,2021-07-11 06:15:02
236,2019-03-21 01:43:07,2018-10-22 22:43:48,2021-10-01 17:46:53
237,2022-06-02 03:02:21,2018-03-23 00:32:12,2022-02-12 23:44:38
238,2021-12-23 18:45:40,2019-02-17 01:11:13,2021-03-24 19:39:05
239,2019-04-06 03:05:05,2018-02-25 20:48:12,2022-02-18 18:12:03
240,2021-12-17 12:26:47,2018-05-04 05:57:25,2022-03-05 07:25:48
241,2021-02-11 12:17:29,2018-08-10 01:02:18,2021-03-24 20:13:40
242,2024-01-30 09:48:23,2019-03-03 20:42:07,2021-05-09 01:45:50
243,2021-05-30 14:38:46,2017-05-23 23:00:36,2022-03-12 17:27:38
244,2024-03-18 04:32:13,2018-08-08 01:19:43,2021-09-28 17:23:59
245,2019-05-17 18:04:52,2018-11-07 13:51:08,2021-04-29 07:34:59
246,2019-10-30 07:01:17,2018-07-15 15:30:00,2021-06-10 12:30:18
247,2024-08-12 20:41:35,2018-09-12 05:34:37,2021-09-24 11:21:10
248,2021-04-05 19:52:50,2017-08-29 13:59:12,2022-01-29 15:09:24
249,2024-05-04 05:12:40,2018-11-28 19:29:49,2021-04-02 06:33:17
250,2022-11-03 02:20:01,2018-06-26 06:30:42,2021-12-25 11:29:03
251,2020-08-29 06:08:58,2019-01-27 01:51:42,2021-07-13 16:48:31
252,2021-06-25 06:43:46,2018-04-20 06:18:14,2021-06-28 18:42:00
253,2020-07-11 19:53:36,2017-06-27 12:53:34,2021-07-18 07:10:42
254,2020-09-11 07:57:12,2018-02-16 20:06:30,2021-06-07 06:45:09
255,2022-11-22 14:41:57,2019-03-05 04:46:18,2021-04-01 09:47:45
256,2019-10-16 15:09:05,2017-04-10 01:25:20,2021-11-02 02:38:06
257,2021-07-29 06:07:20,2017-03-26 23:14:09,2021-03-29 21:00:45
258,2021-04-12 19:55:10,2018-12-14 02:08:25,2021-03-21 22:29:40
259,2020-12-20 09:23:54,2018-07-15 14:17:54,2021-12-08 16:21:12
260,2023-10-08 12:05:10,2018-10-11 16:15:52,2021-11-19 07:18:06
261,2021-12-13 04:08:01,2017-08-14 12:35:45,2021-10-13 08:31:53
262,2021-12-05 00:33:28,2017-10-23 18:26:14,2021-11-15 16:09:39
263,2022-09-02 09:02:05,2018-06-16 21:14:24,2021-07-09 12:14:50
264,2021-07-24 23:03:32,2018-05-11 19:50:29,2021-07-08 10:39:21
265,2020-01-07 03:50:04,2018-02-22 10:02:31,2021-10-03 00:08:24
266,2022-07-08 18:39:05,2018-02-04 10:23:54,2021-08-18 04:25:38
267,2024-11-18 02:48:29,2018-03-21 03:25:04,2021-04-01 00:39:59
268,2023-05-05 14:25:16,2017-09-12 13:18:29,2021-11-22 17:37:01
269,2023-07-18 16:04:39,2018-09-11 03:46:57,2021-11-28 22:22:23
270,2020-06-18 18:22:37,2018-12-22 19:25:35,2022-03-09 08:14:35
271,2024-09-05 22:17:11,2017-07-16 12:19:33,2021-12-20 04:32:04
272,2021-07-28 00:29:04,2017-05-06 00:54:54,2021-06-24 13:09:38
273,2020-03-08 13:01:59,2017-11-19 04:47:31,2022-02-20 13:58:05
274,2022-04-16 21:55:04,2018-07-24 05:02:09,2021-06-27 13:22:28
275,2022-05-09 10:11:00,2018-02-10 16:45:24,2022-02-28 08:31:09
276,2023-05-30 20:05:23,2018-04-06 14:49:13,2022-01-27 01:50:02
277,2019-10-18 06:02:28,2018-08-26 15:56:27,2021-06-29 18:32:16
278,2025-01-18 15:50:47,2018-08-23 06:21:22,2021-07-19 17:34:04
279,2022-01-09 10:51:33,2019-01-27 09:13:37,2021-05-06 23:18:48
280,2021-04-19 09:41:33,2017-07-07 05:55:03,2021-08-07 03:58:12
281,2019-10-15 09:16:41,2018-11-10 22:24:15,2021-09-20 10:44:14
282,2021-07-10 00:18:30,2018-03-10 01:25:20,2021-09-08 14:33:16
283,2024-12-18 15:54:58,2019-01-19 13:28:34,2021-12-20 01:49:56
284,2019-10-05 18:01:17,2017-07-28 23:45:01,2021-08-19 04:16:29
285,2020-10-28 01:13:36,2019-01-20 09:54:48,2021-06-29 05:44:38
286,2021-07-11 16:07:38,2017-10-26 10:44:42,2021-11-25 22:01:04
287,2020-06-27 16:50:34,2017-03-30 17:56:22,2022-02-27 19:49:20
288,2021-07-18 05:54:59,2018-08-18 10:21:28,2021-06-07 09:55:54
289,2025-02-21 10:04:03,2019-02-16 20:56:20,2021-10-11 20:45:02
290,2024-05-15 02:58:26,2018-11-21 19:37:27,2022-02-12 19:40:25
291,2022-05-02 14:14:41,2018-08-16 21:30:24,2021-03-18 08:45:16
292,2021-11-11 19:21:10,2018-12-04 13:58:12,2021-06-03 18:05:07
293,2022-09-20 00:39:19,2017-07-11 15:41:51,2021-08-07 01:17:41
294,2019-07-24 14:44:16,2019-02-27 04:52:47,2022-01-14 19:42:20
295,2024-05-08 19:07:41,2018-09-08 10:32:56,2021-03-24 00:51:29
296,2021-08-10 19:11:39,2019-01-06 07:55:24,2021-05-19 17:10:00
297,2019-07-16 10:26:56,2018-09-04 14:51:03,2022-02-05 19:53:19
298,2025-02-05 15:03:11,2017-05-09 13:52:38,2021-06-16 15:16:10
299,2020-10-21 19:37:49,2017-11-05 22:35:03,2022-01-30 02:29:37
300,2021-12-18 19:38:05,2018-04-09 19:17:10,2021-11-29 16:56:56
301,2021-05-15 16:14:22,2018-11-24 06:08:10,2021-06-06 05:19:27
302,2020-09-06 15:43:59,2017-03-30 16:40:02,2021-08-30 11:05:17
303,2021-08-04 21:16:34,2017-12-04 07:15:53,2021-03-26 09:22:41
304,2023-01-15 11:44:23,2018-04-04 06:26:34,2022-01-27 03:07:37
305,2023-05-04 01:47:36,2017-06-19 15:37:50,2021-12-16 23:07:50
306,2020-12-22 13:07:49,2017-08-22 09:51:59,2021-05-18 04:08:48
307,2021-09-25 23:01:35,2017-08-05 01:06:54,2021-12-21 21:22:13
308,2020-05-09 09:15:16,2018-04-25 05:05:56,2021-08-09 23:38:02
309,2025-01-06 08:00:58,2017-07-10 15:32:18,2022-03-12 20:10:10
310,2023-07-18 09:37:32,2018-04-23 18:34:44,2021-06-29 19:32:05
311,2023-06-13 03:03:48,2017-06-13 13:37:48,2021-03-23 01:35:07
312,2022-12-10 04:13:01,2018-10-08 00:30:30,2021-11-16 05:39:24
313,2020-12-09 02:03:41,2019-02-04 23:47:13,2021-11-06 12:47:13
314,2020-07-22 06:58:14,2017-06-25 18:19:20,2021-06-27 01:56:47
315,2024-12-18 06:40:03,2018-01-01 21:19:01,2021-10-14 14:43:04
316,2020-06-10 16:52:01,2018-01-12 23:09:20,2021-03-31 09:08:44
317,2024-04-04 00:12:21,2018-02-16 23:24:07,2021-03-28 05:47:58
318,2024-09-23 09:12:44,2018-12-06 07:22:41,2021-11-09 18:41:57
319,2019-10-11 10:17:46,2017-05-06 04:38:05,2021-06-05 09:39:08
320,2021-03-05 02:30:27,2018-04-04 13:43:39,2021-10-07 16:38:36
321,2019-07-01 21:40:31,2018-05-26 07:48:15,2021-10-26 03:36:53
322,2023-07-27 23:50:08,2018-11-28 11:02:11,2021-10-21 03:10:19
323,2020-06-01 08:18:31,2019-03-03 12:35:01,2021-08-17 15:18:26
324,2019-10-25 17:58:43,2018-03-09 14:56:35,2021-08-09 16:18:05
325,2024-02-29 09:44:53,2018-03-31 09:25:24,2021-06-16 12:58:34
326,2024-12-21 04:15:24,2019-01-21 20:42:05,2022-03-01 17:28:15
327,2020-04-16 07:38:40,2018-06-16 21:01:26,2021-05-18 03:41:10
328,2020-04-04 10:43:32,2018-12-29 06:30:08,2021-07-03 17:25:30
329,2021-08-19 23:58:43,2018-07-19 00:50:45,2022-01-29 14:45:41
330,2022-07-30 02:46:25,2017-08-23 14:49:50,2021-12-15 10:35:43
331,2023-11-15 01:36:30,2017-08-18 03:16:09,2021-07-31 09:26:25
332,2019-10-05 15:24:54,2018-02-01 18:28:24,2021-07-20 21:06:04
333,2024-09-24 18:13:29,2018-12-06 03:13:38,2021-08-12 02:12:49
334,2022-07-13 08:08:35,2018-03-09 22:26:27,2021-11-04 10:45:57
335,2022-10-04 14:54:35,2017-09-28 17:58:25,2021-03-18 15:37:51
336,2025-02-10 18:37:16,2017-10-20 04:34:07,2021-10-23 14:08:39
337,2022-04-15 06:06:14,2018-11-18 06:40:44,2021-07-21 17:17:36
338,2019-10-09 10:42:55,2017-05-12 00:57:09,2021-06-28 16:19:52
339,2022-01-01 05:39:00,2019-02-13 14:20:21,2021-07-01 19:11:12
340,2022-01-27 07:05:59,2018-01-28 17:00:17,2021-12-08 11:16:58
341,2023-12-27 06:19:39,2018-05-12 19:18:26,2022-02-14 21:06:13
342,2022-10-29 06:56:58,2018-01-03 07:17:04,2021-10-17 08:15:04
343,2024-12-11 04:07:06,2018-11-04 10:21:45,2021-05-09 17:25:09
344,2024-01-25 22:08:57,2019-02-27 07:39:11,2021-10-21 01:23:46
345,2024-09-24 08:12:33,2018-12-18 14:13:16,2021-10-10 18:00:10
346,2020-11-05 08:01:08,2017-05-17 05:37:58,2021-06-03 09:02:43
347,2021-08-05 00:08:54,2017-03-31 17:25:26,2021-12-03 14:10:55
348,2021-08-02 11:22:17,2017-10-15 12:00:19,2022-03-14 15:58:34
349,2020-04-22 03:58:37,2018-05-27 21:43:45,2021-06-11 05:26:41
350,2023-03-20 10:56:44,2018-09-24 21:04:11,2021-04-30 12:56:03
351,2019-10-31 02:50:15,2018-05-17 11:58:27,2021-11-19 17:48:06
352,2023-05-26 06:48:13,2019-02-07 06:45:40,2021-07-17 03:02:40
353,2022-04-17 02:12:22,2018-01-15 17:05:19,2021-06-11 12:48:01
354,2023-03-04 04:12:54,2017-05-11 14:55:27,2021-04-04 13:21:33
355,2020-12-16 08:52:16,2017-08-10 02:18:46,2021-04-23 17:04:31
356,2019-12-29 17:24:00,2018-11-27 00:24:34,2021-04-13 10:51:36
357,2021-12-18 07:34:41,2019-02-18 12:48:27,2022-03-01 10:50:47
358,2021-12-09 01:28:26,2018-02-01 08:41:17,2021-11-09 08:22:41
359,2019-09-04 20:28:11,2018-12-28 08:26:45,2022-01-31 22:18:27
360,2021-05-14 06:58:45,2017-06-28 16:50:53,2021-07-14 01:37:27
361,2023-06-25 16:52:53,2018-10-06 06:25:41,2021-05-12 03:56:41
362,2020-09-29 06:28:16,2018-07-07 06:07:11,2021-04-02 06:18:37
363,2023-08-07 13:56:05,2019-03-19 01:58:47,2021-04-15 07:57:54
364,2023-12-14 05:54:48,2017-04-03 08:19:01,2021-06-01 16:27:30
365,2024-05-29 22:58:16,2018-02-14 03:55:42,2021-08-17 02:41:14
366,2024-05-06 14:44:05,2018-06-06 03:18:26,2022-02-11 21:46:39
367,2020-12-13 23:43:01,2018-09-01 13:41:57,2021-06-20 07:08:39
368,2024-12-16 20:43:13,2017-11-19 18:25:52,2022-01-31 12:08:59
369,2022-10-16 20:00:02,2018-02-15 17:40:44,2021-05-02 04:04:05
370,2021-08-19 07:36:19,2018-04-21 18:11:52,2022-01-30 01:39:40
371,2023-06-15 22:20:01,2018-07-23 09:28:35,2021-12-21 01:54:36
372,2020-08-19 22:05:42,2018-06-27 10:08:35,2022-02-28 07:53:20
373,2022-08-27 14:26:47,2018-09-21 15:54:21,2021-07-09 15:23:10
374,2021-09-16 08:30:48,2018-10-27 19:37:41,2021-05-05 11:42:41
375,2020-04-20 13:54:33,2019-03-21 08:37:53,2022-01-01 03:20:31
376,2021-11-14 01:38:34,2017-03-21 23:03:34,2021-08-05 09:30:52
377,2024-07-16 12:13:30,2017-10-17 00:48:52,2022-02-12 15:58:28
378,2023-09-25 02:18:33,2019-02-15 08:19:35,2021-08-23 22:01:44
379,2021-11-14 11:42:55,2017-07-05 19:16:54,2021-08-01 05:26:38
380,2023-10-17 06:33:11,2018-06-10 02:37:42,2022-02-04 17:17:34
381,2024-11-12 15:45:23,2018-08-29 20:04:10,2021-04-25 19:49:59
382,2022-07-28 22:13:21,2017-08-26 19:22:14,2021-11-04 04:09:24
383,2020-02-12 13:34:46,2019-03-12 02:01:24,2022-03-06 15:59:07
384,2024-02-05 15:42:36,2018-10-22 08:07:40,2021-04-11 20:19:12
385,2021-10-16 17:30:49,2018-10-19 15:36:34,2021-10-18 07:23:25
386,2021-12-21 00:17:33,2019-03-18 18:23:50,2021-06-20 18:11:37
387,2022-10-04 06:23:42,2017-09-13 20:09:30,2021-10-16 14:46:53
388,2023-06-14 00:25:05,2018-12-11 00:40:52,2021-08-09 21:43:30
389,2019-05-19 00:10:25,2018-08-15 13:16:09,2021-06-30 19:12:26
390,2022-07-13 15:19:26,2017-09-25 13:03:09,2021-05-07 17:07:40
391,2024-08-04 16:10:25,2018-07-09 17:39:01,2021-10-07 16:59:17
392,2022-06-21 00:34:52,2018-04-04 10:33:01,2022-01-02 09:18:37
393,2023-05-01 02:38:59,2019-02-27 01:56:50,2021-06-09 14:59:54
394,2019-06-10 10:36:21,2018-09-16 11:24:28,2022-03-11 17:56:18
395,2025-02-05 05:19:59,2017-10-21 18:49:12,2021-05-16 04:16:20
396,2025-01-04 13:10:26,2018-04-27 14:56:18,2021-03-27 23:52:05
397,2019-11-28 11:20:26,2017-09-12 20:23:24,2022-02-20 23:31:23
398,2023-11-04 21:28:10,2018-12-27 08:41:39,2021-07-07 13:10:15
399,2022-08-27 00:23:49,2019-01-15 23:05:11,2021-10-24 00:09:57
400,2024-11-20 03:52:37,2018-11-21 13:14:40,2021-08-06 03:43:43
401,2019-04-04 23:10:34,2018-12-08 04:45:55,2022-01-20 05:46:17
402,2021-03-04 03:58:12,2018-07-03 05:07:10,2021-10-02 15:29:21
403,2023-09-09 20:49:51,2017-10-11 17:19:09,2021-11-23 02:53:24
404,2020-11-07 16:49:38,2018-02-14 07:12:02,2021-12-13 09:31:31
405,2022-02-15 19:53:28,2017-10-21 10:00:50,2021-06-15 09:47:38
406,2022-03-26 04:13:14,2017-06-18 00:33:18,2021-09-28 19:30:23
407,2020-09-25 15:25:41,2018-04-29 07:44:29,2021-08-27 22:11:52
408,2020-07-02 07:13:10,2018-09-11 22:16:46,2021-05-22 18:16:26
409,2020-09-05 10:29:58,2018-03-24 11:32:45,2021-05-10 22:08:17
410,2024-12-24 00:03:48,2017-07-25 09:56:28,2021-12-20 00:22:00
411,2022-08-15 21:56:19,2017-12-25 13:01:59,2021-04-28 21:59:44
412,2021-11-06 05:58:22,2018-02-07 04:09:31,2021-07-29 09:56:25
413,2021-03-17 15:33:52,2018-03-27 11:19:48,2021-10-17 17:20:07
414,2022-08-14 10:30:31,2018-07-11 18:47:30,2021-09-22 01:55:51
415,2020-03-04 02:35:33,2017-06-13 20:30:46,2021-05-21 03:20:25
416,2022-03-10 20:28:23,2018-12-01 23:21:47,2021-09-30 22:53:41
417,2024-06-19 09:54:19,2019-03-06 19:05:42,2022-03-12 14:12:06
418,2023-01-17 17:38:16,2017-08-09 09:13:53,2022-01-21 08:40:39
419,2021-02-02 20:36:18,2017-08-31 02:43:06,2021-11-26 07:17:57
420,2024-11-06 07:40:14,2019-03-09 12:33:48,2021-09-18 03:58:55
421,2021-11-05 07:48:20,2017-12-20 14:19:25,2021-07-12 00:53:41
422,2021-11-27 18:53:31,2017-05-20 16:11:08,2021-11-16 05:05:11
423,2021-06-06 10:19:07,2018-04-22 04:05:33,2021-12-15 22:36:05
424,2021-05-13 18:30:33,2018-07-17 17:33:58,2021-06-12 17:36:49
425,2021-02-16 12:05:53,2019-02-12 00:52:32,2021-11-11 20:54:52
426,2021-03-26 04:08:49,2017-06-27 22:22:46,2021-06-17 06:02:13
427,2024-06-23 08:54:39,2018-12-14 22:04:49,2021-03-19 20:29:32
428,2023-09-26 18:33:19,2017-06-30 18:18:15,2021-09-02 22:50:58
429,2024-04-03 13:02:42,2018-06-08 11:06:31,2021-04-09 01:34:54
430,2020-04-25 20:56:20,2018-02-11 22:22:52,2021-09-03 01:35:25
431,2020-12-14 20:22:32,2018-06-17 10:19:31,2021-06-14 22:20:59
432,2020-07-27 10:25:38,2018-05-31 22:28:39,2021-07-21 01:31:59
433,2019-10-31 19:16:31,2017-10-30 23:16:19,2021-09-05 20:38:16
434,2022-08-15 06:53:42,2017-03-21 03:31:59,2021-05-12 10:05:40
435,2020-06-18 03:48:07,2017-05-31 21:21:21,2022-02-26 02:35:48
436,2021-08-11 16:31:13,2017-05-21 14:01:59,2021-11-17 17:46:44
437,2024-08-19 12:13:51,2017-07-23 01:50:03,2021-12-26 15:29:57
438,2021-03-25 00:25:16,2018-04-13 16:25:45,2021-07-15 03:01:21
439,2022-01-10 11:17:47,2017-07-02 02:27:05,2021-09-03 05:27:34
440,2023-02-08 10:48:35,2017-08-30 00:15:45,2021-07-23 17:41:21
441,2022-08-21 17:07:45,2018-09-02 11:53:58,2021-08-06 22:23:23
442,2024-06-13 04:13:41,2018-05-17 04:01:31,2021-11-16 23:14:39
443,2021-05-28 12:36:28,2018-06-17 09:45:11,2021-10-27 16:31:13
444,2022-02-07 06:32:29,2017-08-08 04:48:07,2021-07-23 21:41:47
445,2022-10-12 06:11:50,2017-07-25 02:40:39,2021-10-30 11:05:26
446,2020-10-03 13:00:20,2017-08-03 16:29:33,2021-08-23 06:04:10
447,2020-07-15 03:59:13,2017-09-20 19:47:07,2021-12-25 22:59:39
448,2021-06-05 10:18:48,2018-11-23 12:33:25,2022-01-17 05:43:17
449,2022-07-11 10:59:45,2018-08-18 22:10:14,2021-08-22 07:02:47
450,2019-07-28 07:16:24,2018-09-22 16:25:18,2021-04-07 03:00:52
451,2021-10-12 00:32:25,2018-03-14 17:27:43,2021-12-29 03:30:49
452,2021-03-21 02:05:09,2017-04-05 03:08:46,2021-04-18 17:02:39
453,2023-12-02 22:11:12,2017-04-14 00:34:04,2021-10-22 17:07:05
454,2022-06-27 11:59:02,2017-07-20 19:07:05,2021-05-31 01:50:40
455,2021-03-16 08:11:41,2018-11-29 09:10:13,2021-06-07 11:15:25
456,2019-04-05 00:25:03,2017-05-14 23:55:26,2021-05-29 00:53:50
457,2023-07-16 18:42:41,2018-05-19 12:18:46,2022-02-17 01:31:42
458,2020-08-02 19:59:46,2018-09-24 19:28:25,2021-10-13 00:57:40
459,2023-04-13 08:30:39,2017-03-18 06:16:53,2021-06-24 18:34:46
460,2021-08-22 01:37:32,2018-03-19 04:37:56,2021-06-29 00:10:52
461,2023-02-24 05:28:11,2019-01-12 09:37:13,2021-07-03 19:12:05
462,2019-08-21 04:12:36,2019-01-20 06:23:17,2022-01-30 14:42:38
463,2019-11-30 03:18:20,2018-12-17 07:39:14,2021-12-26 11:14:23
464,2019-05-10 04:49:32,2018-01-02 03:23:00,2021-05-04 22:18:03
465,2023-04-01 08:19:59,2018-04-29 12:26:45,2021-12-27 03:22:25
466,2022-08-26 19:10:19,2017-11-06 19:53:35,2021-07-01 19:45:04
467,2020-06-08 06:40:47,2018-04-24 03:49:41,2021-12-29 06:55:33
468,2019-04-11 01:25:51,2018-06-02 03:16:41,2021-11-09 08:48:35
469,2020-01-07 08:40:15,2018-03-07 07:54:20,2021-04-15 16:04:53
470,2020-05-31 22:55:22,2017-12-29 03:09:12,2021-07-25 00:11:28
471,2021-08-21 23:22:52,2018-04-19 01:12:32,2021-11-04 10:00:19
472,2022-05-11 23:14:47,2017-07-22 10:38:19,2022-02-26 09:03:07
473,2019-11-06 19:16:57,2018-06-10 19:44:30,2022-02-12 22:14:10
474,2019-08-11 09:40:33,2018-06-17 12:53:28,2021-11-19 15:15:46
475,2020-01-19 12:54:44,2017-05-15 11:58:59,2021-11-01 23:02:16
476,2020-08-31 13:36:33,2019-02-24 19:34:25,2021-03-23 15:15:25
477,2021-09-16 00:09:28,2017-10-30 07:25:01,2021-10-16 20:15:40
478,2021-10-30 23:24:01,2018-06-26 14:02:18,2021-11-19 21:56:54
479,2025-01-06 16:14:48,2018-05-30 07:34:29,2021-10-28 14:15:39
480,2019-06-03 23:12:24,2018-03-18 18:35:46,2022-01-06 17:49:16
481,2022-01-31 20:27:48,2017-07-23 20:00:29,2021-03-21 00:56:36
482,2021-03-21 17:39:50,2018-03-26 07:09:20,2021-05-07 18:37:20
483,2024-03-25 18:58:17,2018-09-28 11:36:11,2021-09-20 14:02:02
484,2019-12-07 20:28:30,2017-05-10 17:20:20,2021-06-18 05:50:44
485,2023-02-24 06:14:58,2018-01-09 16:36:18,2021-07-22 21:10:00
486,2023-09-04 08:56:16,2019-01-09 17:28:29,2021-03-28 10:54:49
487,2023-10-05 01:50:06,2017-05-16 07:43:17,2021-12-20 02:52:01
488,2019-12-06 13:04:45,2017-10-19 12:35:36,2021-06-30 01:02:56
489,2022-12-24 05:20:05,2018-06-20 22:53:36,2022-02-20 00:57:31
490,2024-10-17 00:23:34,2017-11-26 22:16:20,2022-03-02 07:01:13
491,2022-05-27 22:24:24,2017-08-20 08:49:24,2021-11-22 18:19:31
492,2024-11-25 20:47:36,2018-03-07 02:20:39,2021-04-24 21:37:24
493,2024-01-23 06:24:01,2018-09-15 00:26:17,2021-04-22 23:04:05
494,2025-02-15 19:56:45,2017-06-19 23:18:52,2021-12-15 05:06:06
495,2022-11-19 08:41:05,2019-03-07 08:07:32,2021-09-09 13:52:42
496,2024-11-22 12:17:16,2018-12-14 04:29:51,2021-12-22 06:05:59
497,2020-06-07 08:05:01,2017-10-14 07:38:06,2021-11-19 20:39:17
498,2024-10-26 16:42:54,2017-04-19 11:57:19,2021-04-07 17:11:35
499,2024-11-17 06:01:46,2018-08-26 00:58:38,2021-05-12 18:15:55
500,2021-12-22 09:30:46,2018-10-29 14:36:49,2021-10-01 01:51:50
501,2020-03-03 16:02:56,2018-08-21 05:16:09,2021-10-24 16:18:53
502,2024-04-21 02:44:21,2018-04-04 12:16:36,2021-04-29 02:16:05
503,2020-06-10 04:22:39,2017-08-25 13:38:37,2021-08-15 07:00:46
504,2023-05-08 04:40:02,2018-09-08 10:13:50,2022-01-15 07:32:56
505,2022-10-05 13:39:35,2018-10-01 16:37:00,2021-06-01 03:53:26
506,2021-01-27 22:03:59,2017-03-30 19:10:05,2022-02-01 09:59:57
507,2019-03-26 15:08:20,2019-03-10 15:21:54,2021-05-24 21:57:21
508,2019-05-04 13:11:53,2019-02-06 12:15:54,2021-05-04 13:42:30
509,2019-06-02 22:08:12,2018-06-23 04:10:43,2021-07-08 05:16:51
510,2021-01-16 10:52:43,2017-05-10 01:30:18,2021-12-12 17:53:15
511,2020-09-24 06:06:18,2018-08-21 11:50:45,2021-09-25 20:58:19
512,2021-03-05 08:10:00,2017-08-16 20:37:00,2021-11-29 19:10:01
513,2023-11-07 04:06:40,2018-12-23 19:25:54,2022-03-12 16:07:51
514,2021-10-07 02:12:49,2018-05-05 03:12:53,2021-07-25 17:45:57
515,2022-08-19 07:16:04,2019-03-01 20:29:38,2022-02-01 06:14:41
516,2022-11-28 02:10:36,2017-10-24 14:11:35,2022-03-15 19:52:54
517,2024-09-20 13:42:29,2018-05-01 10:43:16,2021-10-09 19:08:46
518,2021-11-15 00:57:01,2018-06-12 13:11:00,2021-09-15 22:23:46
519,2023-08-31 23:19:07,2017-10-15 03:34:11,2021-09-20 21:39:10
520,2019-04-03 11:02:00,2018-03-03 11:15:27,2021-03-27 05:37:45
521,2019-08-04 12:04:55,2017-12-09 06:48:18,2021-08-08 05:55:20
522,2020-10-22 19:51:48,2018-05-21 05:04:06,2021-11-03 21:43:52
523,2023-09-24 05:00:25,2017-09-30 10:24:51,2021-11-22 21:07:12
524,2019-04-09 23:09:07,2017-08-28 00:54:32,2021-05-22 22:23:38
525,2024-03-06 08:27:15,2017-12-18 05:11:28,2022-02-08 22:21:24
526,2022-07-07 12:47:16,2018-04-19 22:30:10,2021-09-11 19:04:36
527,2022-02-04 22:47:44,2017-10-06 15:26:29,2021-11-27 02:22:33
528,2022-03-02 05:48:33,2018-03-13 08:35:04,2021-11-06 13:41:16
529,2024-08-23 07:09:55,2018-07-11 15:17:25,2021-11-19 03:04:09
530,2020-01-23 15:21:02,2019-02-08 09:13:36,2021-11-13 10:11:21
531,2022-06-17 16:02:24,2018-11-03 12:55:24,2021-07-20 13:39:49
532,2020-07-21 20:27:38,2018-08-10 16:50:35,2022-01-14 15:43:28
533,2023-09-16 08:54:12,2017-07-15 02:24:27,2021-05-17 03:27:30
534,2020-06-12 02:01:43,2018-02-16 12:50:44,2022-01-10 04:12:52
535,2019-10-08 03:03:27,2019-01-24 22:17:07,2022-02-09 12:35:13
536,2019-11-10 00:27:32,2018-10-21 22:51:18,2021-04-04 21:31:45
537,2021-09-17 01:53:48,2018-04-13 22:03:33,2021-07-04 13:16:45
538,2019-06-01 02:57:42,2018-12-14 06:05:12,2021-11-07 08:38:35
539,2023-01-12 16:19:34,2018-05-27 11:50:24,2021-09-13 03:57:43
540,2022-03-17 10:15:05,2017-08-01 22:02:32,2021-03-25 21:21:58
541,2020-05-07 10:01:02,2018-09-26 23:36:56,2021-11-10 09:38:43
542,2025-01-15 22:08:23,2018-12-25 14:29:28,2021-06-28 18:30:35
543,2024-02-01 00:16:40,2017-05-03 06:41:35,2021-11-09 08:31:52
544,2024-01-05 07:16:16,2017-09-02 09:05:06,2021-07-22 23:22:32
545,2023-01-01 04:52:52,2017-12-28 17:00:11,2021-08-16 18:35:29
546,2022-01-06 06:25:23,2017-04-21 03:06:31,2021-12-19 13:50:51
547,2024-05-15 22:30:26,2018-06-17 14:53:52,2021-11-17 21:24:41
548,2021-02-15 01:49:42,2018-09-14 00:15:34,2021-12-04 03:26:51
549,2022-10-08 22:19:47,2017-04-06 06:52:32,2021-06-18 11:39:36
550,2025-01-20 18:22:26,2018-07-02 21:29:39,2021-09-17 02:24:06
551,2023-11-03 17:08:37,2018-08-03 22:45:00,2022-03-11 19:03:42
552,2024-11-05 06:07:17,2018-07-31 09:33:38,2021-09-11 21:38:03
553,2020-07-15 08:50:56,2017-05-12 06:21:30,2021-10-16 06:20:23
554,2024-12-28 21:50:35,2018-08-31 03:43:31,2021-11-11 17:44:24
555,2019-04-13 19:04:01,2017-09-13 01:30:55,2022-01-03 22:40:21
556,2021-09-09 09:20:58,2019-03-10 08:10:40,2021-04-24 02:03:03
557,2021-03-15 08:55:32,2018-09-17 12:57:58,2021-11-01 16:17:38
558,2024-10-13 15:53:44,2017-08-21 21:25:52,2022-02-12 11:34:21
559,2023-06-17 08:05:29,2019-01-27 05:53:11,2021-06-20 13:20:50
560,2023-05-19 16:15:15,2018-05-16 06:50:05,2021-04-28 22:24:07
561,2023-07-07 01:10:04,2018-02-08 21:52:40,2021-03-17 07:13:16
562,2020-01-25 20:39:27,2019-01-13 10:04:25,2021-04-23 17:41:28
563,2021-08-07 12:01:00,2017-04-08 17:10:51,2021-06-11 18:45:59
564,2024-08-29 11:48:13,2017-07-27 00:47:10,2022-01-23 13:13:35
565,2023-11-06 12:48:30,2017-09-26 04:29:23,2021-05-03 12:52:59
566,2021-10-03 18:28:59,2017-08-14 20:44:00,2021-10-07 21:11:19
567,2022-09-26 06:25:06,2017-06-30 08:08:59,2021-04-11 06:15:57
568,2025-02-28 07:50:54,2019-01-03 23:56:24,2021-11-02 23:43:46
569,2020-02-13 11:46:12,2017-10-29 12:15:23,2021-05-20 16:10:33
570,2023-04-23 21:17:09,2018-08-12 23:41:26,2021-12-15 22:00:38
571,2022-05-25 18:14:31,2017-05-18 23:53:24,2022-02-02 12:40:26
572,2019-10-20 06:55:32,2018-10-27 03:04:08,2021-07-06 20:34:29
573,2020-04-13 05:42:10,2017-04-16 04:53:24,2021-06-19 15:11:23
574,2023-10-14 06:51:33,2017-09-29 20:19:02,2021-04-18 09:55:02
575,2022-11-07 22:44:02,2018-10-03 03:14:19,2022-02-11 12:05:07
576,2022-07-18 13:07:23,2018-07-04 22:40:27,2021-07-10 06:36:50
577,2022-05-16 15:09:56,2018-05-08 10:06:23,2021-12-04 17:21:42
578,2024-02-11 15:42:32,2018-12-17 19:44:04,2021-06-14 19:35:34
579,2021-03-18 09:01:36,2017-09-01 07:09:42,2021-05-02 15:40:10
580,2024-08-26 20:38:12,2018-06-25 07:38:46,2021-10-19 12:04:27
581,2024-07-19 21:46:37,2018-09-25 09:58:03,2021-07-14 03:44:08
582,2024-10-28 21:36:54,2018-12-21 04:58:30,2021-08-18 15:43:32
583,2021-01-02 20:10:13,2017-12-06 17:21:24,2021-04-11 11:04:50
584,2023-01-21 13:58:23,2019-02-15 11:28:01,2021-06-04 19:12:31
585,2022-04-06 10:20:45,2018-09-22 05:26:31,2021-09-24 06:25:37
586,2019-04-17 17:50:17,2018-12-04 21:50:57,2021-08-04 20:38:36
587,2024-07-21 17:01:40,2018-08-24 11:45:47,2021-04-20 05:49:44
588,2020-03-30 17:57:58,2018-12-20 12:30:52,2021-07-18 14:50:09
589,2019-10-02 06:30:20,2018-10-06 19:25:39,2021-06-30 22:22:39
590,2019-11-28 00:48:56,2018-07-31 03:23:40,2021-05-26 05:22:47
591,2020-03-10 06:01:47,2017-12-14 15:59:14,2022-02-06 21:11:49
592,2020-10-20 16:31:41,2017-06-30 15:48:42,2021-07-13 02:03:28
593,2024-05-17 16:41:53,2018-05-28 11:38:58,2021-11-25 09:57:06
594,2024-04-17 18:39:22,2017-10-24 16:57:56,2021-07-01 11:11:48
595,2023-09-28 17:41:28,2019-02-01 07:10:28,2021-10-15 01:15:10
596,2025-01-29 21:12:34,2018-10-12 06:47:07,2021-11-22 08:04:10
597,2022-09-30 18:45:47,2018-05-28 06:56:03,2021-03-17 21:04:47
598,2023-04-25 16:45:00,2018-10-07 04:04:35,2021-09-26 03:22:46
599,2019-04-10 00:51:13,2018-04-09 06:35:29,2022-03-02 06:34:50
600,2019-05-11 12:50:38,2019-01-23 04:56:29,2022-02-14 22:13:55
601,2024-07-28 02:11:20,2017-03-28 17:49:48,2021-10-04 03:56:10
602,2020-05-31 04:38:02,2019-02-28 17:35:43,2021-03-18 06:10:33
603,2023-02-13 01:40:12,2019-02-09 14:36:01,2021-07-31 22:12:53
604,2023-06-05 06:48:58,2018-11-11 18:08:42,2021-06-25 07:25:32
605,2020-05-13 15:13:26,2018-03-23 16:52:16,2021-06-05 05:19:06
606,2020-07-30 05:05:58,2017-12-14 01:34:53,2021-11-07 01:08:18
607,2019-03-19 21:17:20,2017-04-11 20:59:20,2021-03-25 14:10:17
608,2020-12-03 06:00:15,2017-07-14 14:14:36,2021-07-13 18:27:33
609,2022-09-08 23:07:10,2017-10-11 20:34:10,2022-03-08 23:30:30
610,2024-07-05 03:46:35,2017-04-11 20:21:56,2021-10-25 13:25:07
611,2024-06-10 12:21:05,2017-08-08 23:36:18,2021-12-07 00:31:13
612,2020-05-11 17:28:00,2018-12-08 10:39:32,2021-08-07 19:44:28
613,2024-05-03 07:37:21,2017-12-24 21:21:15,2021-10-03 07:48:10
614,2021-11-25 05:35:16,2019-03-17 11:13:37,2021-10-13 17:40:56
615,2022-10-25 14:10:57,2018-02-28 13:50:14,2021-06-04 21:52:23
616,2024-10-02 23:19:51,2019-01-25 03:14:22,2022-02-07 10:24:37
617,2024-08-18 14:50:38,2018-07-23 11:50:31,2022-01-04 08:19:28
618,2020-12-21 02:47:52,2017-12-21 23:05:14,2021-03-31 15:53:11
619,2019-08-08 02:11:19,2019-01-22 03:49:29,2022-03-09 17:47:06
620,2020-12-04 19:54:00,2017-06-09 10:55:34,2021-10-30 01:56:17
621,2022-05-03 23:14:32,2017-04-22 18:05:22,2021-07-26 02:33:10
622,2023-11-04 03:56:45,2018-10-02 00:42:19,2022-01-23 12:45:15
623,2024-01-28 04:24:54,2019-03-06 04:44:08,2021-11-02 17:49:36
624,2023-02-13 05:39:40,2018-01-31 05:56:57,2021-10-29 20:54:52
625,2023-03-16 23:01:10,2018-02-10 03:07:35,2022-01-12 20:53:44
626,2024-08-04 19:46:55,2017-04-26 15:45:14,2021-05-23 15:54:34
627,2023-11-09 17:55:39,2019-01-11 09:05:07,2021-12-10 01:57:25
628,2020-09-01 06:11:25,2018-09-25 15:48:02,2021-07-21 23:53:50
629,2021-11-13 13:19:29,2018-09-09 18:18:41,2021-05-06 15:26:59
630,2019-12-20 04:47:56,2017-11-15 02:08:39,2021-05-05 08:43:31
631,2023-06-02 22:56:31,2017-07-13 10:14:10,2021-09-22 17:10:15
632,2019-04-15 13:54:19,2017-05-26 02:59:31,2021-11-09 04:36:54
633,2021-06-20 05:06:44,2018-05-15 00:30:45,2021-09-11 18:06:44
634,2019-06-24 06:11:58,2018-03-03 22:00:54,2022-01-30 21:23:12
635,2021-12-15 00:33:15,2018-03-01 23:11:01,2021-06-02 20:21:23
636,2019-05-17 08:58:17,2017-06-16 18:26:47,2022-03-03 19:49:04
637,2020-01-19 01:42:03,2018-02-13 20:40:37,2021-12-30 22:39:04
638,2023-03-28 07:16:06,2018-08-21 21:32:14,2021-08-27 05:52:26
639,2021-10-12 16:13:59,2017-10-14 10:24:11,2021-06-18 01:26:09
640,2023-06-24 11:16:22,2017-08-10 09:24:40,2021-06-25 19:02:35
641,2020-10-14 18:42:36,2017-08-10 17:31:54,2021-05-09 20:32:37
642,2020-12-04 04:18:07,2019-02-10 00:40:34,2021-04-26 13:15:41
643,2021-04-23 12:36:22,2018-02-11 06:37:51,2021-11-15 17:10:12
644,2022-12-13 16:51:42,2017-05-06 18:12:55,2021-12-18 01:35:58
645,2023-07-27 02:43:24,2019-02-27 19:43:20,2021-09-25 18:32:10
646,2019-05-19 01:43:50,2018-11-16 11:18:25,2021-03-28 03:22:53
647,2021-12-25 05:34:13,2019-01-27 16:54:22,2021-07-07 17:51:02
648,2023-12-24 13:37:51,2018-10-12 06:08:10,2022-01-19 01:35:19
649,2022-03-23 12:55:30,2018-12-03 23:04:25,2021-10-22 09:28:19
650,2020-02-13 09:20:03,2017-11-08 23:09:18,2022-01-09 09:31:04
651,2021-05-17 01:18:36,2018-12-29 13:35:20,2021-06-12 21:50:32
652,2023-10-19 20:32:17,2017-09-22 13:35:10,2022-02-21 19:56:35
653,2025-01-24 09:32:25,2018-04-11 18:17:45,2021-12-27 21:52:57
654,2023-01-22 02:43:24,2017-06-22 15:38:13,2021-06-01 17:26:17
655,2019-06-02 00:02:54,2018-11-04 16:07:15,2021-05-25 18:21:30
656,2023-09-08 20:15:26,2018-10-31 03:49:56,2021-04-03 11:40:49
657,2024-07-20 05:23:37,2018-09-14 02:23:21,2021-12-07 08:59:00
658,2024-02-14 21:32:31,2017-05-03 10:18:34,2021-07-07 05:10:07
659,2019-12-06 04:59:55,2018-07-31 00:35:37,2021-05-23 08:06:18
660,2023-02-18 01:45:50,2017-11-22 19:56:31,2021-09-03 12:07:38
661,2021-01-17 23:01:22,2017-07-16 17:16:46,2021-12-12 06:02:15
662,2020-06-02 03:21:12,2018-12-26 10:36:46,2021-09-09 03:27:09
663,2021-04-05 19:39:36,2018-07-27 08:02:33,2021-04-08 01:55:48
664,2022-11-18 18:12:38,2018-02-13 01:45:34,2021-12-11 10:28:45
665,2019-10-27 06:59:17,2018-06-18 09:17:10,2021-04-23 10:36:14
666,2023-06-04 05:40:17,2018-11-26 12:22:23,2021-07-05 18:33:43
667,2021-02-10 17:31:06,2018-10-15 22:42:59,2021-09-23 18:26:34
668,2020-10-12 19:54:01,2018-05-19 04:44:15,2022-02-03 10:58:08
669,2024-01-19 02:52:53,2018-08-31 20:27:27,2021-10-04 02:19:06
670,2020-05-13 22:09:53,2017-05-08 19:44:29,2021-11-16 04:17:23
671,2021-04-08 23:54:32,2018-08-22 21:11:06,2021-08-04 03:41:20
672,2025-02-25 14:06:43,2018-12-17 00:37:59,2022-01-11 14:17:18
673,2021-06-04 19:28:13,2017-07-11 14:22:56,2021-06-06 04:02:23
674,2024-08-30 03:53:52,2018-05-31 09:20:54,2021-07-06 00:00:00
675,2024-06-21 15:03:13,2018-03-25 16:31:07,2021-07-12 09:08:55
676,2021-10-01 22:05:52,2017-06-17 21:02:51,2021-04-02 13:42:55
677,2022-08-12 00:13:11,2018-05-04 20:35:27,2021-10-23 22:37:36
678,2024-12-07 02:32:18,2017-10-04 02:33:38,2021-07-08 19:02:12
679,2025-02-26 17:30:44,2018-10-22 02:05:01,2021-07-25 21:11:45
680,2021-05-13 01:58:15,2018-12-21 13:29:00,2021-12-23 16:55:08
681,2023-02-03 18:17:03,2018-05-10 04:31:59,2021-12-29 19:12:04
682,2022-03-19 05:26:51,2018-11-10 06:04:39,2022-02-13 22:35:47
683,2025-03-08 02:25:40,2017-08-24 11:00:35,2021-08-18 06:48:12
684,2023-02-28 10:23:22,2017-04-21 01:19:41,2022-01-30 15:13:16
685,2025-03-08 23:00:07,2018-04-22 07:59:38,2021-11-19 10:25:33
686,2023-06-27 23:38:21,2018-06-11 22:19:10,2021-05-28 05:38:28
687,2022-02-10 21:56:35,2017-05-03 09:22:26,2021-06-21 20:20:05
688,2023-06-21 21:38:14,2017-04-17 21:12:03,2021-10-13 23:10:26
689,2024-02-29 12:19:06,2018-11-17 19:18:37,2021-09-15 10:39:59
690,2019-06-25 20:20:17,2018-11-06 08:44:41,2021-12-27 15:25:28
691,2021-10-10 11:18:57,2018-10-07 04:55:53,2021-05-08 01:38:20
692,2019-12-06 05:14:41,2019-03-13 08:38:08,2021-10-22 22:47:22
693,2019-07-24 14:34:22,2017-10-29 00:14:25,2022-02-16 05:07:10
694,2021-12-10 05:37:02,2017-05-22 00:48:18,2021-03-25 07:57:17
695,2023-01-09 18:26:53,2017-11-05 10:13:59,2021-04-20 00:31:07
696,2020-05-26 20:50:59,2017-12-13 07:44:05,2021-04-18 12:29:43
697,2021-10-19 05:42:43,2017-09-27 05:08:09,2021-10-21 02:29:51
698,2022-10-26 22:27:05,2018-01-10 17:53:26,2021-11-01 23:56:46
699,2020-06-14 01:20:20,2017-04-12 05:25:49,2021-03-24 07:13:41
700,2024-12-02 02:58:25,2018-05-24 03:06:15,2021-11-28 03:13:38
701,2022-05-24 21:47:17,2018-02-11 04:27:38,2021-11-14 21:23:03
702,2019-05-04 03:51:10,2018-06-18 01:48:03,2021-04-26 15:39:19
703,2022-02-01 16:55:37,2017-09-28 12:07:45,2021-04-02 14:24:16
704,2023-09-01 20:46:37,2017-12-02 23:22:49,2021-07-25 06:50:36
705,2019-07-30 11:08:50,2018-11-03 13:20:47,2022-02-04 23:14:18
706,2023-07-14 17:26:37,2018-06-14 10:08:14,2021-06-23 17:46:05
707,2020-08-07 06:24:26,2018-04-15 21:11:41,2022-01-23 08:48:05
708,2023-09-12 17:40:49,2018-03-01 04:10:15,2021-07-28 03:46:35
709,2024-03-31 18:05:01,2018-03-07 16:10:52,2021-05-06 00:11:47
710,2022-10-03 06:52:45,2017-06-05 03:22:10,2021-07-17 07:58:40
711,2023-06-25 01:36:01,2017-05-19 16:26:56,2021-04-16 22:37:53
712,2020-07-15 08:17:22,2018-01-07 01:22:46,2022-03-08 20:38:36
713,2019-11-10 12:58:43,2019-02-14 23:05:16,2021-10-16 11:12:08
714,2022-04-18 19:58:58,2017-08-29 23:42:16,2021-07-11 23:35:13
715,2023-10-01 09:03:20,2017-12-17 22:25:49,2021-08-02 20:56:52
716,2024-12-29 23:10:04,2017-07-11 12:18:29,2021-05-16 20:42:43
717,2023-07-28 17:02:07,2017-08-16 12:27:43,2021-04-11 02:59:34
718,2025-01-02 17:26:10,2018-02-16 17:15:10,2021-12-30 23:29:29
719,2020-06-22 09:03:11,2018-02-10 08:28:44,2021-08-03 12:36:29
720,2020-07-22 10:15:08,2018-01-01 21:22:51,2021-03-30 08:06:49
721,2020-11-27 07:47:45,2018-03-20 06:08:29,2021-03-29 13:16:55
722,2021-05-09 14:51:21,2018-05-07 19:18:21,2022-02-09 09:33:52
723,2023-04-12 06:35:22,2019-01-22 19:15:17,2021-10-02 04:56:39
724,2022-05-09 21:38:12,2017-11-05 11:47:52,2021-07-01 02:14:48
725,2020-06-15 09:13:21,2017-05-18 19:05:33,2021-05-09 00:00:07
726,2019-09-22 01:51:59,2017-09-18 03:13:18,2021-03-29 03:02:11
727,2021-06-29 00:25:51,2018-12-03 13:43:56,2021-04-25 18:58:54
728,2023-01-25 11:46:58,2018-01-13 20:15:38,2021-04-24 05:55:36
729,2023-08-30 09:32:01,2018-04-03 10:27:36,2021-06-06 12:15:13
730,2020-08-10 17:21:20,2018-07-08 13:31:45,2021-05-05 13:46:48
731,2022-11-29 13:58:28,2018-09-24 06:26:21,2021-07-29 14:01:34
732,2024-09-21 07:17:16,2017-10-22 07:29:18,2022-01-24 22:51:45
733,2025-03-07 23:56:39,2017-10-19 15:37:21,2021-11-08 21:13:39
734,2021-03-30 06:12:04,2019-01-27 00:34:27,2021-05-30 02:09:26
735,2020-09-15 02:12:43,2017-08-26 19:48:31,2021-09-21 19:32:18
736,2024-06-02 04:37:23,2018-09-08 19:15:19,2021-09-15 23:11:38
737,2021-06-12 21:26:35,2018-05-21 07:09:50,2021-06-09 05:40:46
738,2022-07-16 15:45:59,2017-08-15 18:40:32,2021-09-04 20:44:10
739,2021-04-25 06:21:04,2018-04-18 13:22:32,2021-09-04 21:26:29
740,2024-02-20 16:35:21,2017-11-02 18:46:18,2021-09-14 14:59:54
741,2023-12-10 00:56:15,2018-09-07 11:10:14,2021-06-24 10:03:57
742,2021-06-26 18:11:29,2018-09-15 04:30:44,2021-09-14 11:06:18
743,2019-08-26 18:49:09,2018-04-08 16:51:06,2021-09-08 23:34:13
744,2024-04-30 06:40:03,2018-06-26 15:17:53,2021-09-24 02:38:45
745,2022-08-20 08:09:59,2018-07-28 07:19:19,2022-03-09 19:32:34
746,2024-03-19 11:12:44,2019-02-14 21:08:23,2022-01-16 11:00:27
747,2024-07-06 00:34:42,2017-07-26 11:11:19,2021-12-04 07:34:44
748,2020-01-08 22:07:22,2018-01-15 12:10:15,2022-02-28 00:02:34
749,2024-09-11 13:30:30,2018-02-02 17:53:48,2021-09-26 13:19:53
750,2021-03-20 11:07:33,2018-09-17 05:01:12,2021-11-15 02:45:02
751,2021-10-20 16:25:34,2018-08-17 04:12:05,2021-10-30 07:59:52
752,2020-04-05 02:27:26,2018-02-03 22:22:25,2021-08-10 21:52:24
753,2023-05-31 04:13:33,2018-08-26 11:13:14,2021-05-29 04:21:33
754,2021-07-14 22:34:57,2018-01-20 05:24:57,2021-04-15 23:09:08
755,2019-04-21 02:33:30,2017-08-28 18:42:37,2022-01-24 16:14:58
756,2021-04-21 17:06:27,2018-10-27 12:14:05,2022-03-09 12:37:43
757,2023-11-04 19:47:58,2018-01-13 01:21:13,2021-10-16 16:59:12
758,2021-12-31 15:01:25,2018-07-14 03:15:07,2021-08-05 03:36:58
759,2024-11-10 23:12:50,2018-04-19 13:31:45,2022-03-11 05:05:18
760,2020-09-05 16:18:08,2018-09-25 22:08:18,2022-02-15 11:12:55
761,2022-04-30 00:37:08,2018-02-08 01:25:13,2022-01-05 04:37:53
762,2022-01-07 17:40:33,2018-01-15 21:56:57,2021-12-08 07:17:20
763,2020-11-12 16:47:08,2017-06-15 08:08:08,2021-08-31 06:36:29
764,2021-04-28 02:42:08,2017-04-13 20:47:46,2021-12-25 08:29:53
765,2021-06-19 13:41:34,2019-01-17 05:18:15,2021-06-17 10:14:23
766,2023-05-26 01:13:04,2018-05-21 07:39:35,2021-06-25 11:06:38
767,2020-03-22 09:17:04,2017-10-19 19:17:03,2021-07-07 09:58:59
768,2024-06-30 10:05:34,2018-02-24 23:02:53,2021-03-28 18:32:31
769,2023-10-15 21:26:51,2018-04-14 12:02:58,2021-09-04 16:24:09
770,2022-12-06 16:04:16,2017-05-31 00:36:21,2021-07-15 13:08:36
771,2022-05-08 07:23:09,2018-05-19 20:30:58,2021-12-16 09:57:32
772,2022-11-25 05:11:53,2018-02-19 07:47:24,2021-10-06 19:20:54
773,2024-04-28 01:17:19,2017-04-08 20:59:06,2021-10-31 23:04:03
774,2020-12-24 20:24:05,2018-07-13 15:42:48,2021-08-23 22:30:31
775,2021-05-31 11:11:48,2018-06-09 03:33:28,2021-04-29 00:01:51
776,2021-06-23 12:41:45,2018-06-05 15:06:01,2021-11-29 00:17:08
777,2024-11-26 14:31:35,2017-09-22 15:48:11,2021-03-31 02:24:38
778,2021-10-24 13:56:29,2017-09-16 06:39:23,2021-04-27 14:03:52
779,2022-07-05 16:12:10,2017-11-16 05:31:54,2021-09-01 07:55:17
780,2024-07-18 23:22:38,2018-02-05 13:26:15,2022-03-11 20:10:00
781,2020-07-07 14:40:32,2018-02-17 03:39:30,2021-06-24 12:09:33
782,2021-09-18 13:44:52,2018-05-04 01:10:01,2021-11-26 19:24:03
783,2024-09-04 14:13:40,2018-06-05 19:22:58,2021-08-23 16:10:34
784,2020-02-03 19:23:23,2018-06-12 03:00:17,2021-05-02 22:08:37
785,2020-07-27 20:18:54,2017-09-28 10:24:27,2021-07-11 16:32:45
786,2023-09-05 11:18:46,2018-05-27 13:32:39,2021-12-30 01:06:56
787,2022-03-31 01:46:16,2017-06-03 13:25:44,2021-09-13 03:35:25
788,2019-10-29 15:34:23,2017-07-21 18:52:44,2022-03-01 13:44:17
789,2022-12-11 16:49:33,2018-06-03 13:14:38,2021-10-14 20:20:02
790,2024-12-30 18:35:28,2018-08-28 17:10:03,2021-05-01 17:42:55
791,2022-01-27 10:01:50,2017-10-28 06:59:46,2021-05-30 21:25:56
792,2021-04-29 01:21:52,2018-06-06 12:10:42,2022-03-16 10:01:36
793,2022-09-07 20:24:04,2018-01-03 03:04:26,2021-08-03 04:17:02
794,2020-01-13 12:53:58,2017-08-15 17:24:05,2021-07-26 21:23:14
795,2020-03-23 08:11:59,2019-02-16 14:09:19,2021-08-20 14:53:21
796,2020-02-11 04:22:16,2017-04-22 20:48:32,2021-11-10 22:10:22
797,2019-06-07 04:55:02,2017-06-18 21:32:14,2021-11-17 06:44:17
798,2022-04-11 11:02:54,2018-09-16 03:07:34,2021-05-07 09:49:32
799,2022-08-22 01:01:01,2018-07-24 13:57:28,2021-05-24 00:46:42
800,2022-06-21 23:47:43,2017-12-26 10:43:49,2022-02-03 18:58:59
801,2022-09-08 04:11:46,2018-06-07 07:54:44,2021-05-16 20:47:06
802,2020-07-20 05:14:34,2017-06-18 16:34:47,2021-04-17 15:17:35
803,2020-05-23 16:19:28,2018-05-28 13:53:42,2021-09-04 11:25:04
804,2019-04-05 02:33:34,2018-04-03 07:31:35,2021-04-14 05:19:58
805,2021-10-16 01:55:36,2017-06-13 12:37:20,2021-12-31 23:26:52
806,2024-01-19 01:03:35,2017-11-24 10:03:19,2021-12-08 10:24:03
807,2020-10-11 12:48:05,2017-06-01 17:19:51,2022-02-16 11:39:48
808,2023-07-24 23:26:12,2017-05-02 04:13:53,2022-01-14 18:47:25
809,2019-12-11 22:10:20,2017-07-12 22:15:05,2021-06-06 18:23:30
810,2021-01-03 17:14:41,2017-12-28 06:01:19,2022-03-11 22:39:51
811,2024-04-20 00:24:05,2017-07-05 19:14:14,2021-03-25 05:20:50
812,2019-04-21 05:40:48,2017-06-26 08:24:40,2022-02-23 07:59:18
813,2022-02-03 18:23:51,2018-03-12 10:44:13,2021-06-04 01:12:18
814,2024-09-10 23:34:10,2017-09-03 07:48:46,2022-01-16 21:16:48
815,2024-06-08 09:30:44,2018-09-05 21:54:06,2021-05-20 23:32:58
816,2021-12-13 01:16:42,2018-01-05 01:00:08,2021-06-04 08:41:12
817,2021-02-20 01:58:21,2018-02-09 14:12:14,2021-08-19 01:16:10
818,2022-09-25 07:35:36,2018-04-14 13:45:59,2021-08-04 21:55:51
819,2024-11-11 10:22:01,2017-03-27 10:04:56,2021-07-28 23:17:20
820,2022-02-05 14:20:25,2018-11-23 00:13:27,2021-07-10 19:37:19
821,2024-07-25 17:35:47,2017-06-02 17:35:00,2021-07-25 07:22:14
822,2022-10-14 00:39:58,2019-03-04 22:03:31,2021-11-23 11:50:27
823,2022-02-10 04:05:30,2018-12-03 21:47:52,2021-12-14 00:05:49
824,2022-06-17 01:55:37,2017-06-16 03:17:58,2021-05-29 21:05:56
825,2020-09-04 13:43:36,2018-06-01 00:51:04,2021-08-17 09:02:11
826,2019-08-05 21:15:09,2018-12-19 16:42:45,2021-04-30 19:45:23
827,2022-06-23 02:34:55,2019-03-03 03:39:10,2021-10-02 01:23:56
828,2019-06-03 08:03:43,2018-05-06 02:41:41,2021-04-30 22:13:48
829,2019-06-26 22:26:41,2018-02-12 12:30:15,2021-09-04 14:37:39
830,2022-05-11 12:51:59,2018-02-12 19:34:01,2021-09-14 18:53:13
831,2023-04-19 22:06:18,2019-02-18 11:58:13,2022-03-13 11:58:40
832,2021-08-29 05:49:05,2017-06-27 18:02:44,2021-10-28 11:12:59
833,2020-11-13 12:10:21,2018-01-02 15:44:37,2022-03-11 11:48:33
834,2020-11-09 18:05:10,2017-07-09 14:34:57,2021-07-26 08:15:21
835,2021-07-24 13:41:21,2018-07-25 17:06:01,2021-12-07 00:11:23
836,2023-02-13 05:52:42,2018-06-16 13:44:49,2021-08-24 20:59:00
837,2023-07-25 11:54:48,2018-08-31 12:26:29,2021-05-11 17:23:53
838,2020-08-25 03:11:29,2017-10-13 16:08:22,2021-03-22 19:38:04
839,2019-06-26 02:09:32,2017-09-16 09:36:39,2021-03-20 07:39:52
840,2019-07-24 16:44:05,2018-11-21 18:10:54,2021-06-17 11:49:05
841,2022-08-04 11:17:40,2017-09-12 22:47:37,2021-09-05 15:35:36
842,2021-08-02 22:13:37,2018-09-26 04:22:46,2021-05-13 16:22:33
843,2022-06-10 10:59:39,2017-11-09 22:04:43,2021-05-18 05:26:45
844,2024-12-18 23:29:32,2018-11-05 18:55:10,2021-10-23 21:10:20
845,2021-01-29 05:23:27,2017-07-01 06:35:54,2021-06-29 07:27:20
846,2023-03-12 16:21:01,2018-03-21 00:48:17,2021-06-08 08:19:39
847,2024-04-26 17:49:10,2019-02-28 01:04:04,2021-10-21 06:54:30
848,2024-08-20 07:17:30,2017-03-25 18:42:09,2022-01-16 18:43:50
849,2020-02-01 14:30:40,2017-12-05 23:31:18,2021-12-20 14:28:42
850,2022-11-26 22:47:50,2017-10-21 11:23:12,2021-03-29 22:22:03
851,2022-10-30 08:53:00,2018-04-26 07:30:16,2021-04-29 09:44:28
852,2021-08-25 21:04:21,2017-10-28 07:30:17,2022-03-02 15:20:38
853,2024-07-03 02:37:38,2017-08-30 06:10:23,2021-07-03 23:47:39
854,2020-04-15 03:02:08,2018-04-07 12:31:47,2021-04-18 02:50:20
855,2023-01-05 10:26:26,2019-02-25 07:40:43,2021-04-19 02:55:21
856,2024-10-28 23:18:25,2018-04-07 11:03:18,2021-10-03 05:22:12
857,2020-12-01 01:40:44,2018-05-08 05:05:47,2022-03-07 19:31:02
858,2021-11-07 20:19:01,2018-11-11 00:37:28,2021-09-30 17:34:44
859,2024-10-01 07:24:05,2018-01-18 19:42:14,2022-02-23 14:02:44
860,2023-09-21 05:00:36,2018-09-29 13:16:37,2022-01-14 06:54:46
861,2024-11-21 15:12:02,2017-07-08 00:31:37,2021-11-17 14:55:43
862,2020-05-29 03:11:54,2018-12-19 18:25:10,2022-03-15 22:50:45
863,2021-10-04 12:57:33,2018-08-28 14:38:13,2021-10-14 09:51:03
864,2021-10-24 01:29:55,2018-06-30 09:33:20,2021-09-19 08:34:39
865,2020-11-19 13:23:39,2018-09-22 00:38:32,2021-11-23 04:05:03
866,2021-03-20 04:15:39,2017-11-28 17:25:29,2021-05-19 13:19:27
867,2021-03-25 12:51:34,2018-03-31 19:45:56,2022-02-18 00:26:45
868,2024-07-01 15:36:17,2019-02-20 01:27:23,2021-04-29 15:10:17
869,2025-02-15 00:36:17,2018-08-30 08:45:33,2021-05-20 01:14:00
870,2022-08-16 19:48:08,2017-06-21 21:55:52,2022-01-10 10:42:56
871,2023-07-27 22:05:14,2018-07-01 22:33:23,2021-08-31 12:10:42
872,2024-03-31 14:44:58,2017-12-10 23:42:58,2021-06-22 19:32:16
873,2020-09-16 00:13:20,2019-01-19 16:30:50,2021-04-16 14:42:55
874,2023-09-17 22:17:54,2018-04-02 17:46:13,2021-07-30 18:41:14
875,2021-06-20 10:21:28,2018-02-14 15:27:56,2021-09-24 11:12:24
876,2021-01-08 21:09:18,2018-10-18 16:00:28,2021-09-23 16:47:08
877,2021-11-24 18:31:42,2019-03-15 08:15:16,2022-02-21 20:04:59
878,2021-12-13 15:48:49,2018-01-06 06:44:47,2022-02-03 23:05:39
879,2020-07-22 08:21:41,2018-12-31 16:04:18,2021-12-11 08:03:33
880,2020-10-01 02:11:20,2018-04-06 09:07:12,2022-02-05 10:19:09
881,2021-11-07 02:45:44,2017-12-14 13:43:08,2021-04-19 10:17:57
882,2023-05-28 09:54:25,2017-11-09 05:41:11,2021-12-12 04:44:27
883,2024-12-21 01:41:50,2018-12-24 16:34:58,2021-04-11 23:54:33
884,2021-07-22 06:45:38,2018-09-01 01:15:44,2021-06-20 14:49:33
885,2021-05-17 16:43:49,2017-11-19 14:13:40,2021-05-31 01:36:26
886,2020-07-11 14:57:36,2018-12-18 03:58:00,2021-09-03 15:43:15
887,2025-01-15 19:08:39,2018-12-21 11:56:03,2021-07-13 11:30:02
888,2022-07-01 22:12:17,2017-12-01 17:39:31,2021-09-26 03:49:30
889,2020-10-08 23:39:39,2017-07-28 01:27:33,2021-11-14 13:14:04
890,2023-06-27 12:28:17,2017-12-29 11:31:25,2021-10-14 13:01:11
891,2024-04-21 22:04:55,2017-08-31 18:16:39,2021-08-10 02:51:49
892,2024-06-22 21:00:50,2017-08-25 19:22:20,2021-08-12 20:11:19
893,2022-11-16 16:14:27,2017-06-19 22:21:29,2021-09-22 01:59:14
894,2022-10-02 10:28:45,2017-07-02 21:06:10,2021-04-11 05:16:42
895,2025-02-19 00:21:21,2018-07-28 19:03:15,2022-02-24 07:01:35
896,2023-10-19 06:20:27,2017-07-03 21:17:48,2021-08-21 18:53:54
897,2021-10-14 10:35:31,2017-10-07 21:27:57,2022-02-20 03:23:21
898,2024-10-20 13:45:59,2018-08-27 00:34:29,2022-01-28 20:13:44
899,2023-10-20 19:48:26,2018-03-11 10:22:29,2021-05-26 06:50:26
900,2021-05-13 20:33:30,2017-05-23 05:08:47,2021-04-09 08:47:16
901,2022-09-27 08:55:05,2018-08-05 18:03:40,2022-03-11 14:37:04
902,2019-04-21 18:38:57,2017-12-02 08:25:59,2021-08-16 15:22:51
903,2022-07-02 18:51:22,2017-06-15 01:06:11,2022-01-21 23:03:53
904,2024-05-06 00:34:34,2017-03-25 18:50:20,2021-12-14 14:59:07
905,2019-06-12 17:36:22,2018-02-19 15:57:52,2021-08-19 07:46:26
906,2023-04-24 21:38:48,2017-09-16 16:18:50,2021-11-19 11:53:56
907,2022-04-17 05:16:16,2018-09-25 16:14:08,2022-02-18 01:48:05
908,2020-12-06 02:13:12,2017-09-06 10:34:58,2021-05-19 03:51:22
909,2022-05-26 11:53:24,2017-10-18 05:47:42,2021-10-10 04:24:48
910,2019-12-30 14:44:45,2018-08-19 20:39:05,2022-02-21 12:07:45
911,2021-05-11 21:35:18,2017-12-12 22:55:40,2021-07-25 05:36:18
912,2019-11-11 10:44:07,2018-11-14 22:12:46,2021-11-16 03:09:10
913,2022-02-07 14:28:28,2018-04-13 02:03:40,2021-03-28 21:36:43
914,2023-01-08 21:47:15,2018-12-11 00:57:41,2022-02-21 14:53:37
915,2022-08-02 11:25:49,2017-07-09 16:24:16,2022-01-07 03:56:47
916,2020-05-21 17:47:09,2017-06-27 23:29:04,2022-01-25 17:35:22
917,2023-11-13 05:41:02,2017-07-05 13:18:21,2021-12-10 15:39:39
918,2024-09-22 08:02:51,2017-10-08 21:53:49,2021-05-04 20:03:08
919,2019-11-22 11:21:05,2018-05-23 02:26:40,2021-06-04 18:34:50
920,2022-09-13 03:45:13,2017-12-22 20:56:11,2021-06-04 14:58:36
921,2021-06-16 04:53:36,2017-09-27 19:40:36,2021-12-04 02:13:53
922,2022-07-18 09:23:52,2017-10-17 04:49:09,2021-10-21 14:30:06
923,2022-02-25 00:53:21,2019-02-10 17:06:36,2022-03-04 03:01:07
924,2021-02-16 04:17:02,2018-07-02 22:57:34,2021-12-28 10:35:52
925,2019-06-27 15:28:02,2018-09-03 08:49:05,2021-05-02 03:27:48
926,2021-10-18 03:12:31,2018-01-14 08:29:21,2021-08-01 20:16:04
927,2020-09-03 09:57:38,2018-10-18 21:21:39,2021-04-15 19:42:51
928,2022-03-21 21:47:55,2018-05-01 23:07:35,2021-11-06 01:58:41
929,2024-05-26 09:38:01,2018-10-21 06:46:53,2021-09-08 18:16:11
930,2019-11-29 04:02:07,2017-03-22 20:20:35,2021-06-07 05:38:56
931,2020-10-24 11:18:02,2018-12-20 02:23:01,2022-01-15 07:10:18
932,2021-03-17 15:55:32,2019-02-20 00:24:57,2022-02-20 18:47:49
933,2020-09-30 05:30:13,2018-05-02 11:36:53,2021-07-31 18:56:07
934,2021-05-27 16:34:21,2018-06-15 16:49:22,2021-10-14 18:37:09
935,2023-09-30 01:46:08,2018-04-29 10:43:02,2022-01-06 01:46:00
936,2020-02-04 04:32:38,2018-01-19 04:39:13,2022-03-12 11:54:24
937,2020-11-12 17:05:47,2017-12-21 16:08:43,2022-01-16 02:20:41
938,2022-08-07 14:45:34,2017-05-02 22:13:26,2021-12-13 08:39:16
939,2022-03-02 10:51:06,2019-03-21 11:23:12,2021-06-21 14:16:30
940,2019-07-06 03:15:50,2017-10-11 20:00:55,2021-11-13 01:59:53
941,2023-10-28 14:52:42,2019-01-26 10:39:35,2022-02-16 17:17:30
942,2022-04-09 15:52:18,2018-03-07 16:18:32,2022-02-05 21:34:24
943,2022-10-04 00:42:07,2019-01-03 18:58:46,2021-09-12 09:45:55
944,2021-08-23 05:17:55,2018-07-09 14:06:54,2021-10-28 18:50:29
945,2019-12-07 01:52:48,2017-03-27 21:47:21,2021-08-29 17:52:54
946,2021-06-03 22:29:50,2018-12-09 05:21:20,2022-03-01 12:40:42
947,2025-01-01 16:42:12,2019-01-28 23:50:18,2021-07-23 22:05:35
948,2024-02-13 02:28:15,2019-02-27 14:04:35,2022-01-22 20:50:35
949,2023-01-06 03:01:23,2018-01-04 20:47:33,2021-07-19 23:17:45
950,2023-03-27 11:50:04,2017-04-20 00:34:27,2021-06-26 12:33:30
951,2020-04-11 01:40:04,2017-04-17 19:54:18,2021-11-09 14:39:03
952,2021-01-31 05:17:10,2017-06-06 18:55:25,2021-08-12 22:02:45
953,2020-07-09 06:04:24,2018-04-21 09:27:57,2021-10-22 17:08:08
954,2022-11-26 15:53:57,2017-12-14 12:49:23,2021-10-13 12:36:32
955,2023-05-03 04:46:37,2017-08-09 08:33:28,2021-08-20 15:13:17
956,2022-04-14 13:45:45,2017-11-12 00:50:11,2021-10-25 11:44:25
957,2021-11-09 08:44:27,2019-02-18 01:32:20,2021-12-28 19:19:09
958,2023-04-20 23:55:09,2017-04-20 16:28:27,2021-04-04 01:21:07
959,2021-04-20 20:45:06,2018-05-30 01:09:00,2021-12-31 19:45:00
960,2023-01-19 12:32:10,2018-12-29 22:04:20,2022-02-28 07:37:43
961,2021-10-21 23:58:34,2017-04-20 17:51:55,2021-06-15 12:44:04
962,2021-02-06 06:13:07,2018-11-24 22:34:59,2021-05-08 11:39:45
963,2022-11-19 22:54:23,2017-12-30 21:22:49,2022-01-18 07:50:05
964,2022-12-05 10:34:33,2017-06-18 12:33:31,2021-03-19 14:01:48
965,2022-11-10 03:40:08,2019-03-04 16:59:50,2021-07-26 22:43:49
966,2019-07-10 11:06:13,2017-06-17 15:57:18,2021-12-11 11:36:28
967,2020-10-21 02:31:20,2019-03-14 10:23:40,2022-02-14 12:24:14
968,2021-11-26 10:27:22,2017-07-29 02:40:46,2021-09-17 20:22:54
969,2024-03-02 17:36:59,2018-07-09 09:32:24,2022-02-14 22:26:15
970,2023-01-14 09:22:45,2017-09-16 15:36:24,2021-07-08 13:01:00
971,2023-01-04 22:43:34,2018-08-23 10:18:02,2021-06-15 00:25:24
972,2022-04-04 17:47:38,2018-10-12 21:14:45,2021-09-22 21:55:54
973,2022-12-12 15:59:32,2018-01-31 14:27:58,2021-07-06 23:12:19
974,2024-12-12 06:14:02,2018-09-02 12:43:07,2021-04-19 07:42:25
975,2023-01-17 23:27:06,2017-07-05 05:52:36,2021-08-11 16:00:34
976,2020-07-11 17:42:49,2018-06-26 05:47:42,2021-04-20 12:25:42
977,2022-03-15 14:26:48,2018-02-01 12:14:45,2021-12-06 06:06:54
978,2024-01-31 03:10:34,2018-10-03 02:35:22,2021-08-12 02:12:35
979,2021-10-15 12:30:30,2017-07-06 09:00:37,2021-05-30 05:49:02
980,2020-05-04 13:20:08,2019-01-20 05:52:05,2021-04-19 11:05:11
981,2019-04-24 00:04:14,2018-08-06 11:45:56,2021-07-03 17:45:51
982,2021-08-10 06:39:48,2018-04-17 23:16:24,2022-01-27 05:51:17
983,2023-03-01 05:48:42,2017-08-22 22:48:12,2022-01-30 09:50:22
984,2024-12-27 00:45:54,2018-07-28 22:17:36,2021-06-23 18:41:17
985,2021-07-17 07:36:38,2017-05-10 04:59:02,2021-09-18 19:14:16
986,2021-06-17 12:13:30,2019-02-20 20:08:12,2021-09-02 13:31:45
987,2022-07-29 05:29:30,2019-02-05 09:11:00,2021-09-08 06:54:58
988,2020-07-24 22:53:33,2018-01-02 10:28:54,2021-07-29 06:09:45
989,2021-08-27 10:07:12,2018-02-28 04:59:32,2021-08-23 00:23:52
990,2019-10-21 10:49:35,2017-06-27 20:58:52,2021-07-28 11:36:21
991,2019-11-04 03:58:03,2017-04-19 14:24:56,2021-03-17 02:53:30
992,2021-10-14 11:31:37,2018-01-21 18:21:58,2021-10-26 00:08:56
993,2022-11-01 06:06:19,2017-06-11 00:28:38,2022-01-30 14:03:28
994,2020-10-25 12:55:05,2018-01-03 17:57:37,2021-12-24 10:22:26
995,2025-02-19 22:11:36,2018-04-28 12:02:02,2021-05-04 08:22:00
996,2019-05-12 12:31:50,2017-11-26 18:49:51,2021-06-11 03:32:30
997,2021-06-05 05:34:05,2017-08-16 03:05:57,2021-12-21 06:22:32
998,2021-03-13 10:55:13,2018-08-05 01:03:39,2021-04-18 02:54:19
999,2021-05-30 07:28:21,2017-07-29 23:14:37,2021-10-04 11:00:46
1000,2020-08-24 20:24:10,2018-10-16 04:37:41,2021-06-04 16:11:19
